,count,mean,std,min,25%,50%,75%,max
referral_id,2.0,1.5,0.7071067811865476,1.0,1.25,1.5,1.75,2.0
referrer_id,2.0,1001.5,0.7071067811865476,1001.0,1001.25,1001.5,1001.75,1002.0
